Primary_Language,GitHub_URL,Version
c,https://github.com/arduino/Arduino,a51723fe794ea6fc8fdb904af9cd8048c025fd2d
c,https://github.com/kr/beanstalkd,96e875678bb262343a0caa461b8927a2d2260f6f
c,https://github.com/liuliu/ccv,785aba2d1cb9c923734c1949ee800321871c4a35
c,https://github.com/cocos2d/cocos2d-x,c0ecf7f7aa182881e5a260aafad42dc3f17ebadf
c,https://github.com/phalcon/cphalcon,c8d4916bbfd0cb18395fe25d8c5a663fc5077d8f
c,https://github.com/fogleman/Craft,5e5351c749ceb85f8a006d7bf04008ab6a639553
c,https://github.com/kripken/emscripten,42fb486c53d627b203b77af6e5d0c088c0ad03ad
c,https://github.com/mozilla/firefox-ios,a50a9162ef7645aeb7baaabbbcfb8507c175e3d2
c,https://github.com/git/git,37023ba381b6d251d7140a997b39b566dbc63c42
c,https://github.com/okamstudio/godot,bd736e5af2ec5113c23fef58523f57a0b2e11fb2
c,https://github.com/google/gumbo-parser,47d36f969f8b9a0852c3ac838ff131c25d7a39ee
c,https://github.com/sdegutis/hydra,1abe328190bc6f00eab1ab06b5058a4de53f8c72
c,https://github.com/stedolan/jq,8f115e9eed8e71816b9f3a86e0d3aabd47a750d9
c,https://github.com/libgdx/libgdx,d9685654aef12b01aaa9662193be5f67e559c6ac
c,https://github.com/libgit2/libgit2,2382d1bc6250ced02b0f352c87210fededf2188d
c,https://github.com/libuv/libuv,e9b5a86aa68dde78972559a6fcfe91721b97b97d
c,https://github.com/torvalds/linux,23d88271b4f97f66de521ac9b2c1471e6311cf26
c,https://github.com/luvit/luvit,c8630dc89195c60492f7deb2ac073d6bf9813864
c,https://github.com/lpereira/lwan,4985ef2752b761b7f3463d89cb224892a036c593
c,https://github.com/b4winckler/macvim,fd916f58a3723000b9d7b2e0d5657d050e4af962
c,https://github.com/robertdavidgraham/masscan,cec300a741a7d40143352bdd4617b8bb6f536384
c,https://github.com/memcached/memcached,f0358c023e79d0ffc320222afe8a978f528e52a3
c,https://github.com/mruby/mruby,8bad1954a40c258679f51d4e97acc4f7e4697309
c,https://github.com/neovim/neovim,2394a1aeeeada108a83a11a2b890baf53fa461e5
c,https://github.com/numpy/numpy,b2748c6586549f9ee8ddfefcf2a78f2f41c55783
c,https://github.com/openframeworks/openFrameworks,a0a4a4a9f4caaf8d839e89430ab888e1500af131
c,https://github.com/php/php-src,524a468d5f54f89433dbf579d2b91a504f0b75d2
c,https://github.com/nicolasff/phpredis,05e38d590143d044f18c63c5a581c645abd9d4b1
c,https://github.com/irungentoo/ProjectTox-Core,a25cc96b4f2aeaca169df834e39df796ac08f1bd
c,https://github.com/vmg/redcarpet,da6d95b7469580db573dacde4179417cb07b012b
c,https://github.com/antirez/redis,d37ef7845b205018149aedf387b3681164577103
c,https://github.com/scikit-learn/scikit-learn,44c85199f1e4d3eee1b0b363ea58076a2e578c81
c,https://github.com/jgm/stmd,f63b610c015d356c403861686c0687edfaf17289
c,https://github.com/alibaba/tengine,0f4695b438a7b63bdc244bd4357b2c17dafc6b68
c,https://github.com/textmate/textmate,9490ff8967ec1a7de8625d3f8e698b76ca370a02
c,https://github.com/ggreer/the_silver_searcher,7fb7a9a9e3ae7c55bc946a9c04ad13ffbf91459c
c,https://github.com/jonas/tig,0ad33273cda5a4512346ac1f4c8e660988e27d77
c,https://github.com/irungentoo/toxcore,a25cc96b4f2aeaca169df834e39df796ac08f1bd
c,https://github.com/twitter/twemproxy,9a2611e5992e65e6c15cd23bce06ffed3901f4f8
c,https://github.com/facebook/watchman,fa8c19dc9a48b4453e2c3762f67aa78b94d8a9a7
c#,https://github.com/github/Akavache,cde60b7847cf6caf091ead2b98e800b9128d78aa
c#,https://github.com/AutoMapper/AutoMapper,167f3fe690e18945f2d75ba957247ba3d74c15bf
c#,https://github.com/dotnet/corefx,8c1e7ec8b39314e712f007098b179e92ea81ffe8
c#,https://github.com/mspnp/cqrs-journey-code,555b2954aaea747e4dc17be5ebafc809b8aeb292
c#,https://github.com/SamSaffron/dapper-dot-net,7f22bff5ef9a282d07e70ed9ca8afc31e1dcdd0f
c#,https://github.com/dotless/dotless,9ffb90ed404c51c3a29117f25a0fb48a782fbf86
c#,https://github.com/DotNetOpenAuth/DotNetOpenAuth,369182b4eeb189cd38b87b1f31bd624f55ce96e0
c#,https://github.com/aspnet/EntityFramework,9305e51253f121cef5fc61339f3a3cef9f78e66d
c#,https://github.com/EventStore/EventStore,2ccaa5676525e2ebf7e5e8efa1d518732e00759e
c#,https://github.com/facebook-csharp-sdk/facebook-csharp-sdk,d6bd5cb12ef53316179230adcce5a8583622b459
c#,https://github.com/jagregory/fluent-nhibernate,f54801921c61751a7a391de78280e0da00f8c3f2
c#,https://github.com/schambers/fluentmigrator,d0e36fda269b96ce6a6d2976d82eb7d95f3627de
c#,https://github.com/MattRix/Futile,9d56ee479ee966424c8ef8ccc4da6aa7a5d001ca
c#,https://github.com/Glimpse/Glimpse,b2d9b35d1bdab4d7ddd483dcf1736a0d2879c5f5
c#,https://github.com/MehdiK/Humanizer,4902764b58a3c67243bf526d9deb4491fa1bf915
c#,https://github.com/icsharpcode/ILSpy,2726336b3a56d343457b453d9be76b793ea2ebc0
c#,https://github.com/projectkudu/kudu,16d3fa55140f15fe8517515f5fbc4f89481196ed
c#,https://github.com/MahApps/MahApps.Metro,0a733e16681626e27021d5b2b034260a367f1baa
c#,https://github.com/mongodb/mongo-csharp-driver,1812e240b13a68237255463a717ade92a5a64109
c#,https://github.com/mono/mono,e7536f6e299dec1a9bbbec36b41d1cec405d9497
c#,https://github.com/mono/monodevelop,d11c9eec46cb213efb3b4e9c395243407364a5fb
c#,https://github.com/xamarin/monodroid-samples,7ad5943ee5b3e1f6357a351118c2372e9d7cdcb8
c#,https://github.com/mono/MonoGame,f3f7c13543eca885977de6627556587d16e108f4
c#,https://github.com/aspnet/Mvc,a69a7a69408a71ec99a854d63a741eae83d6b80b
c#,https://github.com/NancyFx/Nancy,8fb09a9b7e466c4ada2b19b16581e59e1048d09f
c#,https://github.com/JamesNK/Newtonsoft.Json,d4916a76b5ed94342944cc665372dcc5dbd9e389
c#,https://github.com/nhibernate/nhibernate-core,2b6c39811d893f649ca6a1e901bc565a9a762cc8
c#,https://github.com/ninject/ninject,e09664f4c3db5c2d1599cd11dbea6ae28d16f1ff
c#,https://github.com/NLog/NLog,946ee2f095c4f9ef96fbc5eeacbedd10beb97038
c#,https://github.com/OpenRA/OpenRA,0997f5b52f0781af8abb1287147bde178c11e9c6
c#,https://github.com/moxiecode/plupload,e8b7cc3535cb25f7148366ee8987c72ce127daed
c#,https://github.com/Redth/PushSharp,25f0d3da86db9e86f57fafe38245abc9ab658689
c#,https://github.com/quartznet/quartznet,0f171ed4ef01333e7353c5a4230586018bd25765
c#,https://github.com/reactiveui/ReactiveUI,3f725c808b1d4c8457f0d3204e0a071aa462cd75
c#,https://github.com/restsharp/RestSharp,0ef81fd0a96149d8e1b73c0b2eeb6a7398681ae9
c#,https://github.com/scriptcs/scriptcs,d8525d6bc1814573972bfa6a0b6392f2e02ddc60
c#,https://github.com/ServiceStack/ServiceStack,010df0912a8fe9b748a9eda7199e07fdc5ac9aab
c#,https://github.com/SignalR/SignalR,3a219c101587333d562f04f30903d50ad9773e1c
c#,https://github.com/markrendle/Simple.Data,65ff01e482ce71190869001c221caa140feb70e5
c#,https://github.com/hbons/SparkleShare,e496d2d6d919ac9a378933c5d21446d0a3a3ea4f
c#,https://github.com/jaredpar/VsVim,4bad892018b9854ae329b61968ed7099f669175c
c#,https://github.com/madskristensen/WebEssentials2013,f2e5d2051a21bb7f959c9e3dcc23f60838e464a8
c++,https://github.com/appjs/appjs,003a0d9615e34855460761139554218ba2c2942d
c++,https://github.com/atom/atom-shell,c9b53a6e8bb430170bb2a5b31b84305f451e9a88
c++,https://github.com/kentonv/capnproto,3adcf4a143f69bede481cf6de89cafa7c628bd47
c++,https://github.com/cocos2d/cocos2d-x,617f5265f1b0691b279d0c34036a9274faf98231
c++,https://github.com/Swordfish90/cool-retro-term,7255a162e9cf561c0665aefac8f02bfbebf1b925
c++,https://github.com/fish-shell/fish-shell,46fbfaaa83d4cf93ea44c8faf0f3f44c593f95e4
c++,https://github.com/facebook/folly,8281c7faafe4b6ad2b92436e133d21eb0c219ab4
c++,https://github.com/farbrausch/fr_public,aec0000b34fb04a44bd88b5ecdde46620fb66b80
c++,https://github.com/Grive/grive,27817e835fe115ebbda5410ec904aa49a2ad01f1
c++,https://github.com/facebook/hhvm,b1857ee5a86670eafed86778b0f00e993012ad48
c++,https://github.com/facebook/hiphop-php,ff48f8913c8c4d802e1c4855873f15dd515ab8ce
c++,https://github.com/google/liquidfun,0708ce1464b0db3cf34353258ce939a82f28a173
c++,https://github.com/mongodb/mongo,d1a3701d754a9ee3d28a5cdfa9132d62c88a1eb6
c++,https://github.com/keithw/mosh,0de4082e86ac1193eb83805d5ea1d749f3f2bee7
c++,https://github.com/pagespeed/ngx_pagespeed,2cd08a702266ad06936b69324b3ca46bb0f7f94a
c++,https://github.com/LearnBoost/node-canvas,1568a31f1c7df169ef53f00b3ee61d7672e58776
c++,https://github.com/rogerwang/node-webkit,53661e5aac56c74bbc3119e0226a4d20a39c9e2a
c++,https://github.com/ncb000gt/node.bcrypt.js,ebd1d5e89d381d5f7c774663c216567b4568596c
c++,https://github.com/SFTtech/openage,e9e7b53e416e0abb48a69fbb8817a113d7ed1dad
c++,https://github.com/Itseez/opencv,dfec99691b51ab4cb6451061c3d5cce382f76a9c
c++,https://github.com/cisco/openh264,cda6a1fa7605956fae72757bfd71b96070d2fff3
c++,https://github.com/PixarAnimationStudios/OpenSubdiv,6d8ebd409a3a1834d9ec5dc7e534f1658394081c
c++,https://github.com/facebook/osquery,f7c0d49f6ad11898738ea55c7d8f4bcdf253b6ec
c++,https://github.com/coolwanglu/pdf2htmlEX,c9235e5d5fe3e30fa382302093a5a2d7968d8825
c++,https://github.com/ariya/phantomjs,0ba13ec57c2454926c00293db5146a4b60edd62f
c++,https://github.com/ivansafrin/Polycode,37a40fefe194ec7f6e9d1257f3bb3517b0a168bc
c++,https://github.com/facebook/proxygen,fe1070ff19b447430c346100d45330adecb7e8c0
c++,https://github.com/dropbox/pyston,209350e622201aae455adc035dbf2a1867daec47
c++,https://github.com/rethinkdb/rethinkdb,99aa54a634d1500232e84c303304ff4033373b8d
c++,https://github.com/paralect/robomongo,97c1cf55c8fde280c69f94565f1108f1bf15f6a7
c++,https://github.com/facebook/rocksdb,c97667d9f11519519dd26ba8240a6054b1d200a3
c++,https://github.com/textmate/textmate,9490ff8967ec1a7de8625d3f8e698b76ca370a02
c++,https://github.com/breach/thrust,59656cca28c8180297aade6cf49a18dc42e9f660
c++,https://github.com/bjorn/tiled,99ce6b86b58cbfaa39866590821a255e6d4cdbed
c++,https://github.com/GarageGames/Torque3D,000649e8402daec9be334ae45088e8a936007c15
c++,https://github.com/TrinityCore/TrinityCore,bd16520ecc91d827abae7f0447cc292fe9e843e9
c++,https://github.com/v8/v8,68128834943d4d2d727922a949fc5dfcc3d6a1dd
c++,https://github.com/JohnLangford/vowpal_wabbit,c116eefe6f11efdeedc45162dbf5990e46a46232
c++,https://github.com/webscalesql/webscalesql-5.6,30d93217019b0c595b6016d173cd1612edce8db9
c++,https://github.com/Valloric/YouCompleteMe,f20c69321d5152662f86f8903af258e22a64823d
c++,https://github.com/jkozera/zeal,617e4ddd3a095ef0974fc3389fedaccf0a593ca4
clojure,https://github.com/4clojure/4clojure,60c63539ce9c1e6c4c06e1243e8348279775ba21
clojure,https://github.com/ztellman/aleph,5fa02b9437151891adf4ff692bd61dd96476352c
clojure,https://github.com/nathanmarz/cascalog,ba49f30947bebd4ec92e29e92985f91fd071c75a
clojure,https://github.com/dakrone/cheshire,dccdc7a5dc51798ce0bdbc4a0987f86ed530d4e2
clojure,https://github.com/dakrone/clj-http,8e9bd17942067a62b21d12f47dfb240f6a727aaa
clojure,https://github.com/clojure-cookbook/clojure-cookbook,18ae8f7258991c227783f2ee3cc873ae5a86549d
clojure,https://github.com/functional-koans/clojure-koans,44f37b5c16a627851d652be3716c72d38b1a3bd0
clojure,https://github.com/takeoutweight/clojure-scheme,caa040bb1ea5d93bbea9a4963d5e9a42099956e0
clojure,https://github.com/schani/clojurec,4cd0b72c066f0492a82fe46939264f4a11f65321
clojure,https://github.com/clojure/clojurescript,6ae18ebb583994177a3e38805647be2a16d2b86b
clojure,https://github.com/weavejester/compojure,7bd602d5ff28b6421993d32bee2c26da0460e0a2
clojure,https://github.com/clojure/core.async,5008e841c5fa69460a6f7d76c56eb48980b4e6da
clojure,https://github.com/clojure/core.logic,1c4020f63a5b792f08a90434ab6e8be6aa467a82
clojure,https://github.com/clojure/core.typed,fe7ae4a816924d51983d54c477dd922f5f207625
clojure,https://github.com/tonsky/datascript,8df5be2153eca1c93f22e564c54cd58107a48dba
clojure,https://github.com/hraberg/deuce,6c6e4add9cf3c8a815fe52da893ce76514b958f7
clojure,https://github.com/Prismatic/dommy,3b3b50162fffcc1650b4cc8266e31370ce714a90
clojure,https://github.com/cgrand/enlive,be075b124eb8c4e00b271e21ad63b3a8de6ecb87
clojure,https://github.com/liebke/incanter,8c6342f845ec00c1e5d982962701e824464b6a30
clojure,https://github.com/Engelberg/instaparse,0a2f7f72a5f768bae581a4529f502b62f5686be3
clojure,https://github.com/korma/Korma,996f056ec73d27d80d76a4acffcac2970d23cebe
clojure,https://github.com/ztellman/lamina,07c3fb84fdb3f4a4892c0bdbe3abf28788bdeb29
clojure,https://github.com/emezeske/lein-cljsbuild,31fce3f2bd4bc89119855b41cc319d83f74f3eeb
clojure,https://github.com/technomancy/leiningen,4d91b32123487a4338854a4f0e1f6e1186cc170e
clojure,https://github.com/clojure-liberator/liberator,a7162e1f49ebaa6b577a838f955a6796aab87926
clojure,https://github.com/LightTable/LightTable,93b26db836e33d8aa0409f039b9d861a6123443d
clojure,https://github.com/marick/Midje,412bb90878bfc01daf7ede161e566158bce8513a
clojure,https://github.com/liquidz/misaki,b8104e632058e3b3da4487513d10e666e5914ec9
clojure,https://github.com/magomimmo/modern-cljs,4489ff08c09bbdd6401ac88e3ca5b9add15f47ea
clojure,https://github.com/swannodette/om,90b720258487168b3628c2821ad03ba96dc350e8
clojure,https://github.com/overtone/overtone,8b8353b27c755004dc0733857bcfee9ce15c6b73
clojure,https://github.com/pallet/pallet,882b3c688ed385c24becf3709785cfb099d8d82d
clojure,https://github.com/pedestal/pedestal,9b6ecd66423c2f81869cf6e42f82f467364fb6e7
clojure,https://github.com/oakes/play-clj,6e285b5e312357bc4f9c1245888aa646e5170f14
clojure,https://github.com/quil/quil,4aacc0c2c51e438baa3eba1b710d8a4d6200b43a
clojure,https://github.com/aphyr/riemann,4a095955ab71fb4849c15284c024506ebb9a8778
clojure,https://github.com/ring-clojure/ring,5eb93b63f1676cac26121a92c50a39e14e38edac
clojure,https://github.com/Prismatic/schema,e3920e365f0fc5e99c0d86b3fac261ba945639fd
clojure,https://github.com/daveray/seesaw,a1e2b48c4716e1ed11ef424fb24e0e53d36782ed
clojure,https://github.com/ptaoussanis/sente,fcf62c2b628be12edef2717dab4ed1c692e3bd0f
coffeescript,https://github.com/atom/atom,75f7d729736e4ba5ce5f114fbef662f23bf1d120
coffeescript,https://github.com/Shopify/batman,56b72876f17e096bfd6d026a33189f2bd35f1621
coffeescript,https://github.com/ContinuumIO/bokeh,59ceb045750daadcbfa768179bc9d1b71453de1c
coffeescript,https://github.com/makeusabrew/bootbox,b2671b39f33d0194474060928331742fcf75f776
coffeescript,https://github.com/brunch/brunch,a44f9b4f42574c004002638b296a86773adecc3c
coffeescript,https://github.com/harvesthq/chosen,88168524029e2d2786dfd4aa4515a201c3d4f941
coffeescript,https://github.com/codecombat/codecombat,da92e15bfb00fcd41b5c200763608cd4722b9de1
coffeescript,https://github.com/jashkenas/coffee-script,87a854afb412d6517e17ff334d1d638696724dad
coffeescript,https://github.com/michaelficarra/CoffeeScriptRedux,4f71af22a2a130608b3840338750caeaae8ffd82
coffeescript,https://github.com/codeparty/derby,9487fc84321e5af1c72a5693fe212c172ca99675
coffeescript,https://github.com/jashkenas/docco,d0dd3cfb422ce7391f981c59e3803a38b04f4062
coffeescript,https://github.com/dropbox/dropbox-js,4840da9435d7d1c134e4bddc5c0324cbea600782
coffeescript,https://github.com/enyo/dropzone,2e0c0070b00a5ea5aa172c28017fdf4c18ee26b0
coffeescript,https://github.com/fastly/epoch,e5fabf0708cf795d44f777543343452f54ae11c1
coffeescript,https://github.com/lefnire/habitrpg,5754b4f72a4fe2f8a8445e27e8ae8d358ddbcebb
coffeescript,https://github.com/bergie/hallo,70501a2a26d5eb31844b9790eb0ba3869606dda3
coffeescript,https://github.com/github/hubot-scripts,fc269a50a2e45c386f747765bb5b3c6ab33b024f
coffeescript,https://github.com/github/hubot,e8a420eef7048fddd75a26fdf7e4957ef392e24b
coffeescript,https://github.com/karma-runner/karma,ef6f05c60ad4b0dab214d029ec60ecfeb72c00c3
coffeescript,https://github.com/oesmith/morris.js,75cdb5bd9713bda681ccee5f40a7c857c78bc039
coffeescript,https://github.com/noflo/noflo,819ee780f181c2f88bd61929499f6630be5213c7
coffeescript,https://github.com/dmotz/oriDomi,7486bf4c25e655ed3cb5334bc68bb3f16c52c331
coffeescript,https://github.com/37signals/pow,163f546854b833bd8bb097cf9bad5be8420da727
coffeescript,https://github.com/quilljs/quill,6801c4ce4e4a546628e1aaef2592504d3b0b732a
coffeescript,https://github.com/soyjavi/QuoJS,5a81258327109c9b3627c44e202049de4f2df16e
coffeescript,https://github.com/airbnb/rendr,82294328c310198a9f336194aff22a68eac127a0
coffeescript,https://github.com/viatropos/tower,694f4b4465def0f07a2119b2dad626dbe2becc2f
coffeescript,https://github.com/rails/turbolinks,703f8fd8b870236496c5e03ee079fb1ec757a939
coffeescript,https://github.com/philc/vimium,6331f29edcc05d4a36a8cccb4d3f2c8eecc5dc03
coffeescript,https://github.com/jnordberg/wintersmith,f5099c792e8480c1967adff1865cc05f25018601
coffeescript,https://github.com/assaf/zombie,5a7a8229b640632b435a3836ee12cec010585aa4
erlang,https://github.com/basho/bitcask,fa139ea6e19cf3adf88ea1f7b6fbef8f4581f4fe
erlang,https://github.com/evanmiller/ChicagoBoss,7cc8da968fc11fd8e2f8c04d8935fd0f396c84dc
erlang,https://github.com/apache/couchdb,bd07317af994394a355293590f11763e99246258
erlang,https://github.com/extend/cowboy,27ecd7fca1c9111a09beb42ffe7efea0c317fd45
erlang,https://github.com/discoproject/disco,14e726f1627ad3e7f1767722f36fb966e244185b
erlang,https://github.com/inaka/edis,aad89352f25a7f3737242ddc9bc913def75a517a
erlang,https://github.com/processone/ejabberd,47b17acbafd37ac423685f52c26839b33b856390
erlang,https://github.com/knutin/elli,d3a54c059c415b843e9ab27cb5ab134dc113262f
erlang,https://github.com/Eonblast/Emysql,c7e2103f8b737667f0128802e8de2f0d5ed2fa5c
erlang,https://github.com/basho/erlang_protobuffs,cf169c3f1b5f0fe6e0ff9affada7220f0248d381
erlang,https://github.com/gleber/erlcloud,f10414de77d9f5e24e20f9f6f58a7c1124fab98a
erlang,https://github.com/boundary/folsom,8914823067c623d2839ecd6d17785ba94ad004c8
erlang,https://github.com/couchbase/geocouch,bd7db4f1274ce17db3db358bb676bf9a641a4439
erlang,https://github.com/benoitc/hackney,2f6ca652f9a6c0b3cf14a4fd6d466e1fa12c0952
erlang,https://github.com/erlware/joxa,1bff74488b4a9978834ec380463d94495c5c5ccc
erlang,https://github.com/talentdeficit/jsx,991d668578c2440eb33a49e0744a5ff700a452ad
erlang,https://github.com/2600hz/kazoo,e99c1f7e418e159c815c17911e89f516323d54ee
erlang,https://github.com/basho/lager,4d2ec8c701e1fa2d386f92f2b83b23faf8608ac3
erlang,https://github.com/rvirding/lfe,d2fc1445586ccddd9b4dae6343296cacf63d2b5b
erlang,https://github.com/heroku/logplex,0e939c295c3c6f77cfed06a0da763de7e48cb51d
erlang,https://github.com/eproxus/meck,0845277398b8326f9dddddd9fc3cf73467ba6877
erlang,https://github.com/ostinelli/misultin,b9fe3125cf17f4415a6d7fc60642b670f5e18eb8
erlang,https://github.com/mochi/mochiweb,bd6ae7cbb371666a1f68115056f7b30d13765782
erlang,https://github.com/5HT/n2o,5f4a1d4e2f23d8d9605027de9e91dd74ad962302
erlang,https://github.com/nitrogen/nitrogen,1fe943ad0a07c67f7f8a839315c33871100ea037
erlang,https://github.com/erlang/otp,7dc9eefa341fbfae0ebc55a88b96a375c611e3a4
erlang,https://github.com/manopapad/proper,420c40dce61c5a0edd2e2dd7e72b7695e186b6a9
erlang,https://github.com/rabbitmq/rabbitmq-server,4f4c88ec03f44488a26935c8bfa4c7beaf0e23b5
erlang,https://github.com/basho/rebar,cd55176009df794f506771fd574de9303ff2a42e
erlang,https://github.com/erlware/relx,7eb43d4f1ba21f3fe0ee7dd37783fb05ce855fb3
erlang,https://github.com/basho/riak_core,e86aaa62c80a3774ff7c3f74e71e54fa50c93663
erlang,https://github.com/basho/riak_cs,79c0152d64d45e4c01c9e6bcd15da89a2336b54d
erlang,https://github.com/processone/tsung,8b869ff5e1a52c7eb9b7d584b8ee9518e0b271a3
erlang,https://github.com/jimenezrick/vimerl,536f7e265449b2609d217da4193f2e4060e6b728
erlang,https://github.com/basho/webmachine,14940e10abe425a9ca272958b38f905ac3ef30ad
erlang,https://github.com/klacke/yaws,9ec143595747edee4b500944adb7388632987917
go,https://github.com/astaxie/beego,a89f14d80dab442927bdc11d641aa1250ab8ad71
go,https://github.com/boltdb/bolt,b4e20916f62da6837bd349ea75d58c475e1f9fe1
go,https://github.com/astaxie/build-web-application-with-golang,17cb4259f6cdf5f881de52e2ed11ce4c51f72768
go,https://github.com/google/cadvisor,aa6f80814bc6fdb43a0ed12719658225420ffb7d
go,https://github.com/google/cayley,c5cea1f78b25b38f79bf1399c695bbdc3762f5f9
go,https://github.com/cockroachdb/cockroach,6c14f7557af082d6df21cfe4f61c9be6bcc0ae63
go,https://github.com/hashicorp/consul,f6ac3a430389ace7286e0f89869432a7cc1e9b79
go,https://github.com/dotcloud/docker,96a6e810de0bfabe6cc59588f237470810703656
go,https://github.com/ha/doozerd,8adec5411b39dbcc94c02b3669ee06379ec83ead
go,https://github.com/drone/drone,6e489f65a9147718f0b8ab30b633d083d65d0a43
go,https://github.com/coreos/etcd,099d8674c475a9e41fbe92d7417d25d1153810d1
go,https://github.com/flynn/flynn,befac6db41b1de88d9db23ab9dc1b230b4ffb1a6
go,https://github.com/golang/go,6736cb0df122fdcb0e23c9aba16ebf49ae47b12c
go,https://github.com/nsf/gocode,61468c30b06b9e069203f3ef02ca438aa6806253
go,https://github.com/dropbox/godropbox,3c8a9189a8748951b62c6a48c072448b2fd4cac7
go,https://github.com/gogits/gogs,b9f5def5dc177e683c6c2946498bd2eabb82d16a
go,https://github.com/buger/gor,a4c40cd8b4fd2872e5436ee5b5384d483ef70f6a
go,https://github.com/DisposaBoy/GoSublime,eac47136dbca59b6923c9932b21752aa406cd12d
go,https://github.com/mozilla-services/heka,445a8e7ff6c70a12e0cb13e995972789a6539dd7
go,https://github.com/spf13/hugo,6b34a4e4e8a18e1f78a5727e583638a6bb247f4f
go,https://github.com/influxdb/influxdb,d8e4655e0fe1661fc91fb6a48b9f8815b4b2b476
go,https://github.com/GoogleCloudPlatform/kubernetes,d5e680afbbff2e14ab5c65aeb8e503f289999b1a
go,https://github.com/limetext/lime-backend,1f446ac54d08be96b16bda78c4c5ed167f45a052
go,https://github.com/go-martini/martini,9987fc59f060a063247d22472c2fb48654bac5f6
go,https://github.com/inconshreveable/ngrok,0a63a0f4852bc957e3c20331363ea86a36276d87
go,https://github.com/bitly/nsq,5b96e7773f23900a6ae27f47ffc4929d18e82d60
go,https://github.com/mitchellh/packer,8c9d3de6e1b14c408528fa828077d7da9aed7442
go,https://github.com/peco/peco,fb8238770c548e244e7e37777f3177c53a400133
go,https://github.com/sosedoff/pgweb,4c1bb758ce2028285ba5713600a5716e76841506
go,https://github.com/robfig/revel,e8aac16df9e93b17d309595b4ff57405dc567fdf
go,https://github.com/coreos/rocket,621d40ac592488cb0d7f58c10e5d79fbd6d0505c
go,https://github.com/hashicorp/serf,9b2483ed874a2c946be2d165b8659d671bca8e6f
go,https://github.com/calmh/syncthing,9e210d705d9382540f3ddb90514bf70c4bd0b028
go,https://github.com/hashicorp/terraform,5e282683bfcd819fc3eacd94de424924d14701b5
go,https://github.com/andlabs/ui,e34c561ed5bedeb180437ec165882b98d70d38c1
go,https://github.com/tsenart/vegeta,f77d762ef19a1a2999b2137455481ed36b255e12
go,https://github.com/youtube/vitess,c5ab7053a7f2ca7a72aa62532df07d5de0f3c2ff
go,https://github.com/zettio/weave,9fa7b3956d400f4b4d29861ae913fa93badb5f69
go,https://github.com/burke/zeus,e954e91cc180ff52138b46fd56d3c8ca4b2ba2ae
haskell,https://github.com/AccelerateHS/accelerate,15aedff344232893c89e513c1caf4bcf699a2b86
haskell,https://github.com/bos/aeson,4667ef1029a373cf4510f7deca147c357c6d8947
haskell,https://github.com/haskell/cabal,c5b90c4d157f64156b6c8efde2aafb1ac86a851b
haskell,https://github.com/awgn/cgrep,cdedafcb6a2c909a95cf06dff29a30f1832bbef3
haskell,https://github.com/google/codeworld,1409f849505f57607519156196b5ecdc19f1c5b1
haskell,https://github.com/NICTA/course,b7f323f989a71fa1e3d70f9fdc4e822c8c846002
haskell,https://github.com/GaloisInc/cryptol,9f3d42344dbc20f201b3967668216311ac0c3690
haskell,https://github.com/haskell-distributed/distributed-process,deadc44f6dff9c4b58cce01986b9927e0e97141e
haskell,https://github.com/evancz/Elm,020604921911d5a8bcb599f82569258e64c38dfe
haskell,https://github.com/faylang/fay,8f7fdd5c2c75dd4e5780ecc695429271fa9ca00e
haskell,https://github.com/ghc/ghc,d1ab6fc9eddcee63ea594c1357d47d3dcebe2492
haskell,https://github.com/ghcjs/ghcjs,300b543685b734d8104e8fcd395099871aa85cf9
haskell,https://github.com/joeyh/git-annex,7bc85cb112ad7ec63724f6629d9cee7a7bac98d6
haskell,https://github.com/jgm/gitit,56ca1dab4a6f2656e3d057d4ace2a6e4a4ba0c15
haskell,https://github.com/jaspervdj/hakyll,c654a5103adff054187e85fc03d5998ae6a4d354
haskell,https://github.com/GaloisInc/HaLVM,eacc528a4ad64d8194b8f6fa515b23b715a6f856
haskell,https://github.com/Gabriel439/Haskell-Pipes-Library,79a43d9944b4db154a11867f2676080fe5071bc8
haskell,https://github.com/valderman/haste-compiler,d6b7a8790d16a43490f06904d51001bce3e84821
haskell,https://github.com/mikeizbicki/HLearn,56e0dfedbabea6d4bdeb91bb47b46a578559a092
haskell,https://github.com/ndmitchell/hlint,8b18d6b16bda6ed7d3f5a7a49915183553c34018
haskell,https://github.com/vincenthz/hs-tls,784dd990296cf690da1b8b1b1bb8a3e06a0e3a00
haskell,https://github.com/mattgreen/hython,406b582fcaabb8d2bfc34bddd031a7aa6548e1e7
haskell,https://github.com/idris-lang/Idris-dev,7b30b6d0bc37783c981a79197084df2a58894d1c
haskell,https://github.com/gibiansky/IHaskell,a8e09f58c843e65e8db89165dcc87b912fab970e
haskell,https://github.com/colah/ImplicitCAD,c03ee3e370aec3af6afbde07f6144495afb1b7cf
haskell,https://github.com/Peaker/lamdu,e95ab7bd38a294834b49e8a6696cb5b7edb51d08
haskell,https://github.com/leksah/leksah,743c7387b0256c44733e688dc3bf387ce5327252
haskell,https://github.com/ekmett/lens,a69061967c9999312d6f2975c22db6dc5cad6e5e
haskell,https://github.com/jgm/pandoc,d5efa9b35c2e2246d472b5d08367dc58d85ab3f8
haskell,https://github.com/purescript/purescript,a70e397e829a6764f418531674f96302879e5a7e
haskell,https://github.com/silkapp/rest,db863c8d66cf8bfe44da7e89e9a47d9a3004ef1b
haskell,https://github.com/koalaman/shellcheck,e5842e2e2b284bee8e2e23a546b666c5e772bd11
haskell,https://github.com/snapframework/snap,da847284b0da2abb66051c6e1084f5f9e0c720f0
haskell,https://github.com/yesodweb/wai,7f0d4ca7b5a922f014b4af33e3032b37ee346f5d
haskell,https://github.com/yesodweb/yesod,6d0affcce782d9703716a445339f94fc04dddbbf
haskell,https://github.com/yi-editor/yi,5f6220d3d097815fd9e0b3635aae0b610eba168c
java,https://github.com/JakeWharton/ActionBarSherlock,2c71339e756bcc0b1424c4525680549ba3a2dc97
java,https://github.com/nicolasgramlich/AndEngine,720897f99d2c56ba357e8fe361454bd8d88c37ed
java,https://github.com/loopj/android-async-http,2cff000e6ebb3cb71f4240374291c79d1225ddea
java,https://github.com/chrisbanes/Android-PullToRefresh,3bd8ef6869c3297bfe874d2f15c2ee53c3456e99
java,https://github.com/nostra13/Android-Universal-Image-Loader,630e580313ff683700bebffac178fb6f3a556f1e
java,https://github.com/github/android,8eea62b8075661db1cb90a3c81f7a9d02f51f8bf
java,https://github.com/excilys/androidannotations,12342808d3eb5229cb07156817f3c46b2e258cd6
java,https://github.com/JakeWharton/butterknife,f6d4306f5edaafadd0434383a9e1a1b239c40540
java,https://github.com/gabrielemariotti/cardslib,d80384806cdffd2acc559bf1167251dcc797fa97
java,https://github.com/clojure/clojure,eb26aac312b9f5a754bd639193fbd225e1ff4342
java,https://github.com/square/dagger,c894b521105d1b635dada05897a1064706d083cb
java,https://github.com/LMAX-Exchange/disruptor,f29b3148c2eef3aa2dc5d5f570d7dde92b2f98ba
java,https://github.com/elasticsearch/elasticsearch,3d970f17f9f7e94475a417cf1b3395928fddd9fe
java,https://github.com/facebook/facebook-android-sdk,a33f3a0bc94c4f35fa47777472aeb5c2d97101d5
java,https://github.com/Netflix/Hystrix,511499f1378ac98049cc8a6cb198efa6fd16e637
java,https://github.com/jenkinsci/jenkins,b21c33fb0bde99bfd999ebd8ad5a39523c466e46
java,https://github.com/libgdx/libgdx,d9685654aef12b01aaa9662193be5f67e559c6ac
java,https://github.com/nhaarman/ListViewAnimations,25124c555c9d6ced81ce3e78b3d8a0e02fc274ce
java,https://github.com/netty/netty,7888ae8d296379d7a095d84395efc1c16d618889
java,https://github.com/square/okhttp,403e127cf29ae1d489c2d9ed230c841086a09d4b
java,https://github.com/chrisbanes/PhotoView,d299db09741af464dca7d695ed08824dbdcc6604
java,https://github.com/google/physical-web,884c95f28873d982a338f425ac453c636d807774
java,https://github.com/square/picasso,e3d2852e42b34dd66ceab2565132e1d748417dd1
java,https://github.com/android/platform_frameworks_base,a61515720ab95f6aa307c1fa4337c5c2078bad26
java,https://github.com/facebook/presto,0ccd14f0b4736e9722cb397adf27bad9af572e40
java,https://github.com/square/retrofit,9fb8b1fbe0af19a92b63107601e03eeff8accd7d
java,https://github.com/roboguice/roboguice,bf9043c5af085408a5d26ea8e5f857e8d0a9bdab
java,https://github.com/fernandezpablo85/scribe-java,0311a435fa492cbaa87f4e1c63395f33770d7d38
java,https://github.com/jfeinstein10/SlidingMenu,4254feca3ece9397cd501921ee733f19ea0fdad8
java,https://github.com/spring-projects/spring-framework,5ac57e8ea6044d07435542e932335764bbce97bb
java,https://github.com/springside/springside4,df81d06c603c6f3bcc440a8a9cb68d237ee551eb
java,https://github.com/nathanmarz/storm,cdb116e942666973bc4eaa0df098d5bab82739e7
java,https://github.com/WhisperSystems/TextSecure,79313c80933a7888378ad481b10c8e5228f118ab
java,https://github.com/thinkaurelius/titan,a894283a74b92dc03b16ed757442207503ec15a3
java,https://github.com/eclipse/vert.x,6ad0794a5c872d049a8b03d818f3cb67bbe94fe2
javascript,https://github.com/angular/angular.js,a995ee17ee51218146522f64d69ca733be3ebbbc
javascript,https://github.com/caolan/async,621f13805aa326865b85dbbf7128baf7146ab976
javascript,https://github.com/addyosmani/backbone-fundamentals,76a8b3456dd4f26c9bb3ee7f528fb1b09bb19db5
javascript,https://github.com/documentcloud/backbone,d1880dda6cb8ba0553d8b13e85a4bd244f565c25
javascript,https://github.com/twitter/bootstrap,3d127c056884eeec90572344c1e48b412f18b6dd
javascript,https://github.com/adobe/brackets,bf22bf5845e40d13e111ad7254d61abac956e0da
javascript,https://github.com/harvesthq/chosen,88168524029e2d2786dfd4aa4515a201c3d4f941
javascript,https://github.com/mbostock/d3,a2521445819ca2132361095187c36f65a8d5b9c3
javascript,https://github.com/emberjs/ember.js,e88c64460888f8669a63419493d27226b6131668
javascript,https://github.com/visionmedia/express,2f8ac6726fa20ab5b4a05c112c886752868ac8ce
javascript,https://github.com/ftlabs/fastclick,9977a916739360ad4ffd7aa19b0016bf375e934b
javascript,https://github.com/FortAwesome/Font-Awesome,b56d50f461065d548371dfa87730216d1e81e301
javascript,https://github.com/TryGhost/Ghost,ffd73163aa57cbe47a6ffbdc107b63e68c29c8dc
javascript,https://github.com/HPNeo/gmaps,21919a6a8d5485a4c60ab20300891d8f39b11a8d
javascript,https://github.com/cowboy/grunt,b3f62aa1c4ad2863960f3d3df5dac6e00b6e3a6e
javascript,https://github.com/gulpjs/gulp,1c72e3f1d886dc9455d2668673518a4b1e3d6ecc
javascript,https://github.com/EightMedia/hammer.js,82dc62322ffeb7abf731ba6e3465239f581d2f3b
javascript,https://github.com/wycats/handlebars.js,d20f02d10de92ac6d784911baf3c84959161449d
javascript,https://github.com/h5bp/html5-boilerplate,fa840f07ef0e1b0aab2d4d863d64f3fc44f3bb7b
javascript,https://github.com/usablica/intro.js,49e98bbc89a7d7808ad6941b90f180aa4e8bab3e
javascript,https://github.com/blueimp/jQuery-File-Upload,0ef967239037d2e477dfa057ccabbea055284395
javascript,https://github.com/defunkt/jquery-pjax,d76e840c0f1c0a98c9dd5065b32e436e810d8d13
javascript,https://github.com/jquery/jquery,87bd130289c6ed9bfc355c1f8587ae6ce00a4776
javascript,https://github.com/meteor/meteor,d9b895e6ec02dc46cf40a9d9d798dbdd77a2fc2a
javascript,https://github.com/moment/moment,7d121f205f070162a353e7f303490fd85ee31031
javascript,https://github.com/nodejs/node.git,6b0c906e6badbba64611feb766d57b233b64e5f9
javascript,https://github.com/mozilla/pdf.js,aae82ec4c5c16be77de2e4429b6fd00aade82cc6
javascript,https://github.com/kriskowal/q,26ae6a2406626bb97ac7880bc770878dbfc9aefa
javascript,https://github.com/facebook/react,b0a7a00dba1372ad2901495e33c43d345f4cc4c6
javascript,https://github.com/hakimel/reveal.js,15414ce5bb3037fbcfa81ef6169e0ca5fbda45bc
javascript,https://github.com/balderdashy/sails,43b3717343ea6098020d9fa4e617089bb62daf32
javascript,https://github.com/ivaynberg/select2,6be96cfaa175448ef70b978648de7d6cb5822e89
javascript,https://github.com/Prinzhorn/skrollr,e52648d1b75abe1b2466483ef698380cd284c7a1
javascript,https://github.com/kenwheeler/slick,75eb8c404f6b578c1d07b6f7e28846a4cc562d1d
javascript,https://github.com/LearnBoost/socket.io,21ea31a34e0bb83a7aab8f4ff2f6f3c665bb816a
javascript,https://github.com/etsy/statsd,7dd2d5e6634b1c0a41c1258b74e2a1d17e4bc0d3
javascript,https://github.com/mrdoob/three.js,4bab46875b989cce1c092e85b562724445764651
javascript,https://github.com/twitter/typeahead.js,588440f66559714280628a4f9799f0c4eb880a4a
javascript,https://github.com/documentcloud/underscore,3521ab29ec9c66b1962abede2d9b4d68634bfd40
objective_c,https://github.com/AFNetworking/AFNetworking,5dab172c4798cd0a09bc1758c81724db66fbc72d
objective_c,https://github.com/pokeb/asi-http-request,9051a33df22865842b7e874de3e8d158c8f72ce0
objective_c,https://github.com/facebook/AsyncDisplayKit,2c8626e1f6e99468d5fe2baa6489d4fba0ec0c0c
objective_c,https://github.com/robbiehanson/CocoaAsyncSocket,6e018ddf7c456106f898efae66ea5e5c94737a96
objective_c,https://github.com/Cocoanetics/DTCoreText,e26b6ecd18d790f39ba39d31c6d5be40b5475e92
objective_c,https://github.com/facebook/facebook-ios-sdk,47d0a768042767c065fc5d340511da5d598f6161
objective_c,https://github.com/Flipboard/FLEX,bc5dfa02ecb35bd665b466ae3fdd1ef5b148962d
objective_c,https://github.com/ccgus/fmdb,7220b1a40a20a8297e7fd943ce3769bbbefb1b8f
objective_c,https://github.com/BradLarson/GPUImage,c5f0914152419437869c35e29858773b1a06083c
objective_c,https://github.com/stig/json-framework,e3bce3cd69ec38c5aab1fd46318b3d9174c7155c
objective_c,https://github.com/magicalpanda/MagicalRecord,89e6b114bf69a587d843716e2aee46b02aae37db
objective_c,https://github.com/jdg/MBProgressHUD,f089d2a035df0044714d6a80f614ba35f29c9baa
objective_c,https://github.com/jverkoey/nimbus,5bb59ba44b1633e920d6cd6c72be590448a04ee6
objective_c,https://github.com/OpenEmu/OpenEmu,f83d73f459f94e8ff12c09d12d46bf6c1ee14348
objective_c,https://github.com/escoz/QuickDialog,1a5f7ebb33164fd13d1684508ba13b02d6fe8ce8
objective_c,https://github.com/ReactiveCocoa/ReactiveCocoa,2f6fe3a3379b10f4300c97e51e31b520af61eb9d
objective_c,https://github.com/RestKit/RestKit,7a5b7e832c44222c3f8a1f1f6546263baf816f88
objective_c,https://github.com/rs/SDWebImage,f9abff8988e1839a55284f89bc3469921567cb07
objective_c,https://github.com/jigish/slate,ff5ee5a53afc05b619cf9eb78e852b83ad714de4
objective_c,https://github.com/samvermette/SVProgressHUD,9dd505fd1a6bb9015199c00efa3e5a7df5f13128
objective_c,https://github.com/twitter/twui,49d3062006e0fb4d6e904dbcebfb4ffdfb629f21
objective_c,https://github.com/Inferis/ViewDeck,ffd36fb62026291ab392ddc4f1ec65cc24d9f39f
objective_c,https://github.com/facebook/xctool,ff3dcdb7baf2fed1c754414c1f3f8083da1b6bab
objective_c,https://github.com/robbiehanson/XMPPFramework,6db0eff4c28e68e6f5e2c3c58cc18e98a34dd144
objective_c,https://github.com/JugglerShu/XVim,a380c94504c6f03df7ad8bc30283898500a8dba9
perl,https://github.com/petdance/ack,f423ddeb7f32a01687a880a3e2d8723b24c9cd15
perl,https://github.com/petdance/ack2,338171aeacdf2fe413d353b9815464fa3c932f96
perl,https://github.com/gugod/App-perlbrew,4e26ac3d221ba6b4ffbab522b9eec60ffc393e4f
perl,https://github.com/swcarpentry/bc,55f5cec89376faaf4b12ab572c930f0a05ab8dd5
perl,https://github.com/munin-monitoring/contrib,67b0241e904ab8c5d63d3ec716855d631234b47c
perl,https://github.com/onyxfish/csvkit,028919bc0c8173e7392dc5ad135200709c03d7d3
perl,https://github.com/duckduckgo/duckduckgo,b2397b6491a96c5f5d17ffb444452ac8c72d9bf8
perl,https://github.com/sitaramc/gitolite,24171564e63d4072b2eeeb3e4dad7d2b231b31ec
perl,https://github.com/yuki-kimoto/gitprep,56b584717c692a28e6736ccb663d5ecb53c2987e
perl,https://github.com/chaoslawful/lua-nginx-module,2cbeb0c5a8bd236f11025ddfbf120f8e45b5c6d5
perl,https://github.com/kraih/mojo,ac83c8e8b979cb6be1e3ecfd6411020e7b03359c
perl,https://github.com/munin-monitoring/munin,aad96ff4a847173166dfcf7a1a592765ee9b7812
perl,https://github.com/nbs-system/naxsi,97ab1434a97f63cafd19a22e6f6fe024ed5d9b43
perl,https://github.com/krimdomu/Rex,ab1f780d0f23ed999f1fbb22b25b799a990877da
perl,https://github.com/coreyti/showdown,f81789f0fb5f7cc4d11522ad69e041db578dfade
perl,https://github.com/alexrj/Slic3r,889a54e946697599a78340ab5e9efc22263b2fb9
perl,https://github.com/theory/sqitch,2019fea23c5df88833081543ddbe41ad14923e32
perl,https://github.com/DHowett/theos,40e29878e5916ee0a98ea7a09886f1f1646d0358
php,https://github.com/kriswallsmith/assetic,cb92b179dddfb8a3f341d53bd27e088f24d9c2e5
php,https://github.com/cakephp/cakephp,706f0b2b4b64e4116efcd3f7f4ad7695ada4e706
php,https://github.com/briannesbitt/Carbon,74711084ac7fdcc9ec13b802d7af030617f3b168
php,https://github.com/EllisLab/CodeIgniter,175b17c4b74d03a7578440d92a3ac9d80924ef78
php,https://github.com/composer/composer,599ad77167bc8cee895f024a20292689fd84153f
php,https://github.com/owncloud/core,d74811fcc8dd6939cdc328ec78a9ff61d3dea6a9
php,https://github.com/domnikl/DesignPatternsPHP,69379be0bb74be13bb45eb76bc9a6047f091722a
php,https://github.com/doctrine/doctrine2,b1451cda5253f34bf2eca146bbfabd7c6448da1c
php,https://github.com/fzaninotto/Faker,f6b2ebd8c462494083bfea6c087f79da36503930
php,https://github.com/zurb/foundation,d76792381b2058ebaa9ab38dae6b55aacb9cf81e
php,https://github.com/laravel/framework,21a3f2023c2f59dcd5dc3a0ec5d8ab4c9c2f52a9
php,https://github.com/klaussilveira/gitlist,3dd25f3b8726d4f93e81d8f7d5107d80de63c3d2
php,https://github.com/guzzle/guzzle,4f11935f709ef5e279af9da062507e72bd356e1a
php,https://github.com/humhub/humhub,9772b3b4ef532957d17cfe5586e0aa1e9afc9fe3
php,https://github.com/avalanche123/Imagine,84cdc4004fcc5169dd8dfba38636c148a5e5141e
php,https://github.com/laravel/laravel,54533fc037d83d4975ba61a36dbce1e0356e28e9
php,https://github.com/leafo/lessphp,e701984d5d488599441623d3d56bd42103019ab6
php,https://github.com/serbanghita/Mobile-Detect,7a94b349c761503598c325d3e49bbcdd55c5c55e
php,https://github.com/Seldaek/monolog,6b42e7d241d62495511b005438e0fec78483aa97
php,https://github.com/bobthecow/mustache.php,c745b01956caf27d26b55a72a90aff56bc169cd6
php,https://github.com/opencart/opencart,36284952ef79590bf139ea90cf96e58ddfc6f528
php,https://github.com/facebook/phabricator,d92f7a14739ad8e21fffd2afa33e95626a4d53f9
php,https://github.com/fabpot/PHP-CS-Fixer,f3a4812873b7cada9007e4c947a583402087fd61
php,https://github.com/PHPOffice/PHPExcel,6a8fca703ca1b1de44d4acf1c1695ea1c0196085
php,https://github.com/PHPMailer/PHPMailer,fe1e8699f0c6d0d6ec3c8a759bebf48e15ad943a
php,https://github.com/sebastianbergmann/phpunit,4863f37f4d1998dd28b9ea7e6f9aef64fa03f4fd
php,https://github.com/puphpet/puphpet,a6c566fe5c5f56587e0aa56da6350a1949d146c9
php,https://github.com/reactphp/react,fdcc9808ef9fafa8a61c119ba81d1630f3ee947a
php,https://github.com/retlehs/roots,8046666f7ce793435cedbcaa8d4bc21bbb3e136f
php,https://github.com/sahat/satellizer,bf5573ecdd0d98894f84b8a09d3e9a7413f52ba7
php,https://github.com/fabpot/Silex,55b5c4e5bb92c62b2fa94c7c343570487665ecaa
php,https://github.com/codeguy/Slim,faf83069298593bdfd8482a14bda171937473fc1
php,https://github.com/symfony/symfony,2cdc025ca94af9ad97da0bc3f5192e378ceb4c01
php,https://github.com/fabpot/Twig,5f81f2b517101a058bc0b597852085353bc4d62e
php,https://github.com/woothemes/woocommerce,4522b68a47c48f1a2fb29daef8312bb926588e2b
php,https://github.com/WordPress/WordPress,61d21cc0d9c4439a33dddbbcb46f869fa838ce2b
php,https://github.com/yiisoft/yii,8c9b5114db3ee524d23e985c637b52f329ca5bda
php,https://github.com/yiisoft/yii2,d40435e9311427d8f012c682802931702d506e7a
php,https://github.com/zendframework/zf2,099399441d4b9f8323ec458d8693f73212c9e404
php,https://github.com/Automattic/_s,9ce731d9e2ff42c95cb666b78658470d33f98b80
python,https://github.com/aosabook/500lines,a12589dbffbc6d29f8f2be1fca5330aab28c86e3
python,https://github.com/Eugeny/ajenti,ec75299866b26dcb0ceedd8229a152aa596da7d9
python,https://github.com/ansible/ansible,2e05304f668e447bbbe1696d014d0a24d45ceb92
python,https://github.com/joelthelion/autojump,f26a38e0f9cf16a27ee1291de91d6e245ccdf92a
python,https://github.com/sampsyo/beets,2537c06ac75b2ca7c8588af9d32dc6ecd81e2ae0
python,https://github.com/boto/boto,d9e5cfe900e1a58717e393c76a6e3580305f217a
python,https://github.com/defnull/bottle,c6fd201833a532b093e13199337dca097accb733
python,https://github.com/celery/celery,5cae0e754128750a893524dcba4ae030c414de33
python,https://github.com/django/django,b55b34129b14d0cf9ecac30cfd6217c65d759d82
python,https://github.com/docopt/docopt,463d780a698cbacb1cf5590ae849b8f890baf25d
python,https://github.com/fabric/fabric,4f17ec2d8c26b0b2bde87d04b833610e9523c0b2
python,https://github.com/joke2k/faker,574e35b193a411f529943252a5471916a0292444
python,https://github.com/mitsuhiko/flask,1ac4156016a578fdf439ac69bc39b9c6687ea9f9
python,https://github.com/nicolargo/glances,6036eeaa687002ea21c76c9a4179aad8f6d6ea3e
python,https://github.com/jkbr/httpie,1ded5c2a970cb5b98a2fa98d65ff10aa2068b91b
python,https://github.com/ipython/ipython,058dda2a8cfc39eaa2541300f577af95f2f407e5
python,https://github.com/pagekite/Mailpile,edcc9d186cfe411707f6680af1bd803ff6bf5c1a
python,https://github.com/stephenmcd/mezzanine,73f6d0e39d6c634ce7fab7a38d806592b987ef2d
python,https://github.com/pydata/pandas,2dd43351e17afb8e04970ec2921d4f56738cc30c
python,https://github.com/getpelican/pelican,ef2c62ab82b5c62ce09e61c2bc5fb7eae5ffd51b
python,https://github.com/scrapinghub/portia,3cc1e5b490ebb7fbe4c53dd02c176921e2f52586
python,https://github.com/Lokaltog/powerline,fc6c3d94741baa77cc75e86510fda88bafe8b9ec
python,https://github.com/CamDavidsonPilon/Probabilistic-Programming-and-Bayesian-Methods-for-Hackers,1cb1aad52f02e3f88d3ecbdb22542d9e3e997a39
python,https://github.com/kennethreitz/python-guide,6387f5dd025a76dc63ab7776a205422ab771caef
python,https://github.com/klen/python-mode,fd70ac2ab74a91fb049cb8e82237c34d88354673
python,https://github.com/reddit/reddit,0374efdc75f1366a35780b1291e3fd68e16533eb
python,https://github.com/andymccurdy/redis-py,93ee0b97faab8de46a77b8cf140f68912e921e0a
python,https://github.com/kennethreitz/requests,8f460faa31589a94311c179067debfe41f3e2f2e
python,https://github.com/nvie/rq,95f740299a6c6a22369f5db43585d3df6b2d5e28
python,https://github.com/saltstack/salt,bdea243eb27392f1fee24c4932e1c0f137eb7625
python,https://github.com/scrapy/scrapy,4a9f76ebd3242b2f91e238c26ff38874e9ee1960
python,https://github.com/getsentry/sentry,d4489d70c3465edf9b1170d173d998ef1c85622f
python,https://github.com/midgetspy/Sick-Beard,7cfff7f0fa69946d37be8762b71b88ac60f10505
python,https://github.com/sqlmapproject/sqlmap,89e36392f774f4983858bcc89a9790f76931afca
python,https://github.com/facebook/tornado,1ecc7386da17df3f1dfd100845355f7211119a62
python,https://github.com/webpy/webpy,503d560755a8a87338b013b03c7c8beedfa63fb5
python,https://github.com/rg3/youtube-dl,0a192fbea798c843ad6fef37106901d431f39b6e
ruby,https://github.com/gregbell/active_admin,9005b67e6f2a584f2c0d129b81cbd049a94f0344
ruby,https://github.com/charliesome/better_errors,b5de722fb4ff813192f6268659835df7f6a52761
ruby,https://github.com/thomas-mcdonald/bootstrap-sass,e15eef6a47ab94b15f80d44507859e4bc08ae965
ruby,https://github.com/thoughtbot/bourbon,797d5e4a48a6f44da263cb9ee6257af41778d967
ruby,https://github.com/ryanb/cancan,4560928dc375f9b31de00381c98334eb6aabc4b9
ruby,https://github.com/capistrano/capistrano,ff14aded7e77fcb0fc4ab5457998890db6a2d03b
ruby,https://github.com/jnicklas/capybara,6659722b7d16eb48676a5e0a595ee5da913f5f5b
ruby,https://github.com/celluloid/celluloid,1945285e401e01c15169ce8d2d356fb67ee9cba1
ruby,https://github.com/chriseppstein/compass,d5df161d0df7edc686e576b22412f437dd0590cc
ruby,https://github.com/Thibaut/devdocs,51895e9889b142e522020d8e000cd2f2c6135621
ruby,https://github.com/plataformatec/devise,d6dc93ca3d2d9678d8c5d5aea37b5c7c1668a38b
ruby,https://github.com/diaspora/diaspora,3c43819bce52967a77873ad07d3500ab7217fcfc
ruby,https://github.com/discourse/discourse,6b236d3c836f91d3c57227072320ed24f7a0a483
ruby,https://github.com/skwp/dotfiles,ec0c41227ac97d2eee2bb578f28eec401df6d1e9
ruby,https://github.com/errbit/errbit,1ad440bd3bedc406029478c2201d61316172925c
ruby,https://github.com/ddollar/foreman,59d87c91a2004e05f6b12d4b150dcb4c911eb31c
ruby,https://github.com/zurb/foundation,d76792381b2058ebaa9ab38dae6b55aacb9cf81e
ruby,https://github.com/jordansissel/fpm,6e2a14a6bbdc8c55c5f4f43f66cf3678a709940a
ruby,https://github.com/gitlabhq/gitlabhq,940d68cc4c349b574166b010666a36cf25f485b7
ruby,https://github.com/intridea/grape,925a3fbaa63709f72ab4d6060c98ede5cdb4dd45
ruby,https://github.com/guard/guard,8077d9fdef975bbf4af110196bc94e31213cb3c2
ruby,https://github.com/phinze/homebrew-cask,ecd1db9c36408c2b4b0c217d43d851d765e218b2
ruby,https://github.com/mxcl/homebrew,9db1791c6e81fdcaf2ffc6b8b51bf0b4a716ce56
ruby,https://github.com/cantino/huginn,ea98bf93f53d200689569c05aabb0375a7acabef
ruby,https://github.com/mojombo/jekyll,8f5465dfa410dd74541a2dc1fd1a1fce2e315642
ruby,https://github.com/rapid7/metasploit-framework,a65172bbcbb32e42575fba0345b29d62cb8e273e
ruby,https://github.com/middleman/middleman,8dbd35938d5260b8d2d2581831df6f5952b84248
ruby,https://github.com/imathis/octopress,d684a65e4286532789a3f8b160df80ee5801a4a1
ruby,https://github.com/intridea/omniauth,c3e3aa5bbfb589db1ebed40324c7eea2e3153f8c
ruby,https://github.com/thoughtbot/paperclip,7eec87bf99e2b94688b1182979b04e27abf88ac7
ruby,https://github.com/puma/puma,d56ad84642d6d31ba8b8ae76e8af23093db3123b
ruby,https://github.com/puppetlabs/puppet,4eafcf3031dbe3585f493cf736fc3b99b3db552c
ruby,https://github.com/nesquena/rabl,e07c83d41caf1ccbbe952cbe817734af68613c4e
ruby,https://github.com/rails/rails,80c6b901d4d87cee610ab0a438ff6e3c6bf118d1
ruby,https://github.com/ruby/ruby,30b72f98f791ffa257ac74ae228c1c069fdd34dd
ruby,https://github.com/nex3/sass,657b0e9930223ef7b6d236c61865a86d6d2986c1
ruby,https://github.com/mperham/sidekiq,9c9c6caeec52a8bc9185d50a99f73d324f968957
ruby,https://github.com/plataformatec/simple_form,dba42c800126b4d680f3b333faff735d1d1e033d
ruby,https://github.com/sinatra/sinatra,dcf926377f451461b2fee2be46605790dcb5db5e
ruby,https://github.com/spree/spree,459a788d2b1987b9733eef8772b4121f6531a9ca
ruby,https://github.com/sferik/t,a00480d8a5150476d770bf993639e1a738c7f9b3
ruby,https://github.com/seyhunak/twitter-bootstrap-rails,c84936fcfb31942897088165239aa58851a4fbb6
ruby,https://github.com/mitchellh/vagrant,e4f29e61ca107df7bfc58a88f2c5a99cfad0c941
ruby,https://github.com/javan/whenever,334cfa01f373006cc032e23907b1777a8ea3f3b0
scala,https://github.com/akka/akka,81cba2e58042209be4bf0e2b8a1679d0d9beb4e8
scala,https://github.com/twitter/algebird,e474ccedae1c4e83c3d299a14ab8357afb28caa5
scala,https://github.com/rtyley/bfg-repo-cleaner,8562239d7679ee863041affabb8825454dfb4241
scala,https://github.com/jdegoes/blueeyes,935ae34e80615617bb055d0752d0bf970c817ebb
scala,https://github.com/dlwh/breeze,45eefafc89ea095e3ab893c7c92f15ab80e80e1c
scala,https://github.com/twitter/cassovary,fdafb7780232630778218ab26372b46767a52631
scala,https://github.com/twitter/finagle,47b27438758782fcfbf37f2bd9947d7a49709b85
scala,https://github.com/twitter/finatra,f1437ae7c0b7da57d4a7b631153737de2813e51f
scala,https://github.com/twitter/flockdb,3e35184203117eee28f7c0c147057cdea8969e5c
scala,https://github.com/lift/framework,d3c52c5f9172d84fe16c6e82202f0f4e881bd848
scala,https://github.com/excilys/gatling,37c5a21f17eb97f57d97e4294c23432e4af207a6
scala,https://github.com/takezoe/gitbucket,01872d3440fe2ca3a384c17050ee7141e0509ef3
scala,https://github.com/n8han/giter8,9bfc23a17fe35f52e8b5f5ec348f0fd6a396d975
scala,https://github.com/twitter/gizzard,737f821d2be2f1c308f9445e237101a3ed94cda9
scala,https://github.com/apache/kafka,80223baa3b7125fd656ed85b450498a21924ca71
scala,https://github.com/robey/kestrel,5279aeb28614156a6e8ffe5806b558a2fa35effc
scala,https://github.com/ornicar/lila,bcd9b8cfec4dd2711aa9d9ecb5bd7bb965e72424
scala,https://github.com/twitter/ostrich,9e2676092e3cb47f50cf4c25378d0b1ba685efcf
scala,https://github.com/playframework/Play20,2f21908d970fe51366458ae13640d102404362ac
scala,https://github.com/playframework/playframework,2f21908d970fe51366458ae13640d102404362ac
scala,https://github.com/PredictionIO/PredictionIO,ebd1b6cb893cc4c25cb2e60aa6e95472858fe43a
scala,https://github.com/mpeltonen/sbt-idea,cb7c0eed34782292094c93a14f3eacfefe678946
scala,https://github.com/sbt/sbt,2c4583e31244af308018baecd23c294ba6158583
scala,https://github.com/scala-js/scala-js,8d5fb03862920331469ae3d347e906ca7e6a9c19
scala,https://github.com/scala/scala,a24ca7fa617cabada82c43d2d6ac354db698d181
scala,https://github.com/scalatra/scalatra,d44882503a92bf163f6d65a483e71ba4c3caf463
scala,https://github.com/scalaz/scalaz,c266794dc102903750e75fba9603b6139d6c7d0d
scala,https://github.com/twitter/scalding,398545991c63019714d80ac22de6494adfd798f2
scala,https://github.com/pocorall/scaloid,a1cf54b0ed7e1ee20d688b2ec4f73104eb931157
scala,https://github.com/NICTA/scoobi,01d2701179cd1f53c8bd4ae523a1ceac1c275a24
scala,https://github.com/jaliss/securesocial,11bd7c25f23508be2f3665e3393f7a4d633a620c
scala,https://github.com/milessabin/shapeless,849732d66c02436b0f5d310e58d866664c405b17
scala,https://github.com/amplab/shark,662d5ba1c03275d265760fad236d9ab7ca1d70a8
scala,https://github.com/slick/slick,0290716aed14cb355dda2234daddd09df85807b1
scala,https://github.com/snowplow/snowplow,84fb913741dc25acc7c750465cad33ff7f20b2e1
scala,https://github.com/apache/spark,d9c6039897236c3f1e4503aa95c5c9b07b32eadd
scala,https://github.com/non/spire,0bb2a2790c096feb8b17fec9794dc8209e160574
scala,https://github.com/spray/spray,76ab89c25ce6d4ff2c4b286efcc92ee02ced6eff
scala,https://github.com/twitter/summingbird,c63d85abf086b5575e103d366e3bb6a1e11788a2
scala,https://github.com/wordnik/swagger-core,560af84ea490d3b804c8375bfbf29027f6577fe5
scala,https://github.com/twitter/util,64f4e91ee082929c6dcd8adefaf91632912b1172
scala,https://github.com/harrah/xsbt,92a38c604ee8d449135684b0d5887b6769bffc32
scala,https://github.com/twitter/zipkin,1da6f4025819fb8fef6f72e8799aaa928adfda30
typescript,https://github.com/Ryochan7/antimicro,355b4cdc9718cee92581ed7ca2425e9b022d0cb4
typescript,https://github.com/bitcoin/bitcoin,8daffe227bc67706d6640b67776f7711a6a98607
typescript,https://github.com/Daenyth/Cockatrice,77b9aa7c36d815b85579206016f6403768731cb5
typescript,https://github.com/darkcoinproject/darkcoin,c30a0aa592b4c8c9c7c4f9f9407e7b5777680fae
typescript,https://github.com/dogecoin/dogecoin,eea76543560c2070fff73b215939f86d1cbfb181
typescript,https://github.com/int3/doppio,e78c0c3388483b88019a5c635e459867af7d1bcc
typescript,https://github.com/egret-labs/egret-core,85d07c8ab8992d832c8f6ad58e698ac050d9ae77
typescript,https://github.com/fritzing/fritzing-app,c4f827ab8fa1541b4a777d2328a66b73d4d5c063
typescript,https://github.com/goldendict/goldendict,9b273dc23455501361c243f4dcf82cb438bf2917
typescript,https://github.com/xinyu198736/htmljs,306df58373c2ac1be634472441c899e05d5602ef
typescript,https://github.com/LibreCAD/LibreCAD,3f6e022aa54860a870b34280d0a9e65931700dad
typescript,https://github.com/litecoin-project/litecoin,d02d31c47881de068bd32904c35e989e5f13b491
typescript,https://github.com/owncloud/mirall,f1d48a9356945066a6fb6256894d42a219ad893e
typescript,https://github.com/mixxxdj/mixxx,ad770b0e7eede052301604db75b120b22e9c5536
typescript,https://github.com/mumble-voip/mumble,68205b9311cd8f359205845fb7735e0ac330ae53
typescript,https://github.com/musescore/MuseScore,d45cc192e5fe7b1c33f71ed2cd43f9140aa72312
typescript,https://github.com/MythTV/mythtv,5ed7db9a188f8d06355dc5cb9a637c3427bd32d5
typescript,https://github.com/namecoin/namecoin,b043fba28018721b68c90edfc81b9eacb070b47d
typescript,https://github.com/namecoinq/namecoinq,f672348440f11c036d3f5a9a5355af88cc191dc6
typescript,https://github.com/slightlyoff/NavigationController,6e798f2f18769c0ad6c5f97608d1954b7faefa09
typescript,https://github.com/Emdek/otter,1c3dcf1965a97d3d234f95067193088d51b49de8
typescript,https://github.com/pcbsd/pcbsd,6983bd42e13310334624924795728f19da8a3da5
typescript,https://github.com/android/platform_development,303d809adf23a204b2e55ee8ffcd3047d2f19276
typescript,https://github.com/ppcoin/ppcoin,57b8c8ddb9139c5c535a502612c7c4119943c993
typescript,https://github.com/primecoin/primecoin,de59af1368b92d135078e9ea1b7d52a348c9c033
typescript,https://github.com/qbittorrent/qBittorrent,c75725e2d8c8fd3f9248e1d7b9038c988a13ec68
typescript,https://github.com/QupZilla/qupzilla,35fd959315356bf0856fdd1d97bb0cf1a06e21a3
typescript,https://github.com/reddcoin-project/reddcoin,73e0ccfaa3513535cb8d81a2d896b674876d5058
typescript,https://github.com/mltframework/shotcut,595d3596013e9b7f083ef70ed0c41ce7bbcb9928
typescript,https://github.com/mozilla/shumway,04ff8f6cc793a6de4efcdc287766262bb496f028
typescript,https://github.com/MaartenBaert/ssr,e5391e41e388e307f2eea442e268e72abe89f304
typescript,https://github.com/torvalds/subsurface,97e53649fd140afa5bb721d87063b7808d8da44f
typescript,https://github.com/tomahawk-player/tomahawk,f7c3f25d8ec4a6bee83f41f7b093234599b8605f
typescript,https://github.com/DefinitelyTyped/tsd,cfbb48df002102ed85b00fa0ead13b5fd67628a7
typescript,https://github.com/palantir/tslint,5e692374e0bb07257a00b8738afbbbb062d230ed
typescript,https://github.com/turbulenz/turbulenz_engine,d096944651eae0408cca7f50e65bb98621bde1f9
typescript,https://github.com/Microsoft/TypeScript,3ad29eafe3bb61f60efee4e9893e92273f4e1224
typescript,https://github.com/vertcoin/vertcoin,1420840db784a697b3e007ce0a608b86ea58fcd7
typescript,https://github.com/winjs/winjs,0540950eff991ad92efb38901195a5d053023a79
typescript,https://github.com/angular/angular,54f7e62c43108b70f6eeab8924415f608a1c3fad
typescript,https://github.com/angular/universal,23cc62a7269d954b08f4d54d81a216b6b367d596
typescript,https://github.com/wps-community/wps_i18n,f5a24280bdf72297f9e4d5e2007655ab00ed3905
